study_id,link
UE064AED19,https://zzigak.github.io/refactor_study/?id=UE064AED19
U73F722CDB,https://zzigak.github.io/refactor_study/?id=U73F722CDB
UD89C37EFF,https://zzigak.github.io/refactor_study/?id=UD89C37EFF
U4ED6E8EA5,https://zzigak.github.io/refactor_study/?id=U4ED6E8EA5
UD8DA5CEE2,https://zzigak.github.io/refactor_study/?id=UD8DA5CEE2
UABBB070ED,https://zzigak.github.io/refactor_study/?id=UABBB070ED
UF8E8D9510,https://zzigak.github.io/refactor_study/?id=UF8E8D9510
U42ECABB42,https://zzigak.github.io/refactor_study/?id=U42ECABB42
U34AD1BC2E,https://zzigak.github.io/refactor_study/?id=U34AD1BC2E
UFABEA441A,https://zzigak.github.io/refactor_study/?id=UFABEA441A
U8ECC01EC6,https://zzigak.github.io/refactor_study/?id=U8ECC01EC6
UB271569B6,https://zzigak.github.io/refactor_study/?id=UB271569B6
U4D5ADC296,https://zzigak.github.io/refactor_study/?id=U4D5ADC296
U908EF07FE,https://zzigak.github.io/refactor_study/?id=U908EF07FE
U80A4E7CD4,https://zzigak.github.io/refactor_study/?id=U80A4E7CD4
U0D7B9F2D4,https://zzigak.github.io/refactor_study/?id=U0D7B9F2D4
U7FC4E8A3C,https://zzigak.github.io/refactor_study/?id=U7FC4E8A3C
UE6ED2E56B,https://zzigak.github.io/refactor_study/?id=UE6ED2E56B
U3FB15CABE,https://zzigak.github.io/refactor_study/?id=U3FB15CABE
U61657B35F,https://zzigak.github.io/refactor_study/?id=U61657B35F
U68DCBABDA,https://zzigak.github.io/refactor_study/?id=U68DCBABDA
U2A1847A8A,https://zzigak.github.io/refactor_study/?id=U2A1847A8A
UA2EA58DFF,https://zzigak.github.io/refactor_study/?id=UA2EA58DFF
U798B7CC2F,https://zzigak.github.io/refactor_study/?id=U798B7CC2F
UACE7A7A75,https://zzigak.github.io/refactor_study/?id=UACE7A7A75
U685E8C7FC,https://zzigak.github.io/refactor_study/?id=U685E8C7FC
UFC676F211,https://zzigak.github.io/refactor_study/?id=UFC676F211
UACF3BE15C,https://zzigak.github.io/refactor_study/?id=UACF3BE15C
U33109D65F,https://zzigak.github.io/refactor_study/?id=U33109D65F
U9A685B9DD,https://zzigak.github.io/refactor_study/?id=U9A685B9DD
