study_id,link,debug_link
UE064AED19,https://zzigak.github.io/refactor_study/?id=UE064AED19,https://zzigak.github.io/refactor_study/?id=UE064AED19&debugKey=nextstep123
U73F722CDB,https://zzigak.github.io/refactor_study/?id=U73F722CDB,https://zzigak.github.io/refactor_study/?id=U73F722CDB&debugKey=nextstep123
UD89C37EFF,https://zzigak.github.io/refactor_study/?id=UD89C37EFF,https://zzigak.github.io/refactor_study/?id=UD89C37EFF&debugKey=nextstep123
U4ED6E8EA5,https://zzigak.github.io/refactor_study/?id=U4ED6E8EA5,https://zzigak.github.io/refactor_study/?id=U4ED6E8EA5&debugKey=nextstep123
UD8DA5CEE2,https://zzigak.github.io/refactor_study/?id=UD8DA5CEE2,https://zzigak.github.io/refactor_study/?id=UD8DA5CEE2&debugKey=nextstep123
UABBB070ED,https://zzigak.github.io/refactor_study/?id=UABBB070ED,https://zzigak.github.io/refactor_study/?id=UABBB070ED&debugKey=nextstep123
UF8E8D9510,https://zzigak.github.io/refactor_study/?id=UF8E8D9510,https://zzigak.github.io/refactor_study/?id=UF8E8D9510&debugKey=nextstep123
U42ECABB42,https://zzigak.github.io/refactor_study/?id=U42ECABB42,https://zzigak.github.io/refactor_study/?id=U42ECABB42&debugKey=nextstep123
U34AD1BC2E,https://zzigak.github.io/refactor_study/?id=U34AD1BC2E,https://zzigak.github.io/refactor_study/?id=U34AD1BC2E&debugKey=nextstep123
UFABEA441A,https://zzigak.github.io/refactor_study/?id=UFABEA441A,https://zzigak.github.io/refactor_study/?id=UFABEA441A&debugKey=nextstep123
U8ECC01EC6,https://zzigak.github.io/refactor_study/?id=U8ECC01EC6,https://zzigak.github.io/refactor_study/?id=U8ECC01EC6&debugKey=nextstep123
UB271569B6,https://zzigak.github.io/refactor_study/?id=UB271569B6,https://zzigak.github.io/refactor_study/?id=UB271569B6&debugKey=nextstep123
U4D5ADC296,https://zzigak.github.io/refactor_study/?id=U4D5ADC296,https://zzigak.github.io/refactor_study/?id=U4D5ADC296&debugKey=nextstep123
U908EF07FE,https://zzigak.github.io/refactor_study/?id=U908EF07FE,https://zzigak.github.io/refactor_study/?id=U908EF07FE&debugKey=nextstep123
U80A4E7CD4,https://zzigak.github.io/refactor_study/?id=U80A4E7CD4,https://zzigak.github.io/refactor_study/?id=U80A4E7CD4&debugKey=nextstep123
U0D7B9F2D4,https://zzigak.github.io/refactor_study/?id=U0D7B9F2D4,https://zzigak.github.io/refactor_study/?id=U0D7B9F2D4&debugKey=nextstep123
U7FC4E8A3C,https://zzigak.github.io/refactor_study/?id=U7FC4E8A3C,https://zzigak.github.io/refactor_study/?id=U7FC4E8A3C&debugKey=nextstep123
UE6ED2E56B,https://zzigak.github.io/refactor_study/?id=UE6ED2E56B,https://zzigak.github.io/refactor_study/?id=UE6ED2E56B&debugKey=nextstep123
U3FB15CABE,https://zzigak.github.io/refactor_study/?id=U3FB15CABE,https://zzigak.github.io/refactor_study/?id=U3FB15CABE&debugKey=nextstep123
U61657B35F,https://zzigak.github.io/refactor_study/?id=U61657B35F,https://zzigak.github.io/refactor_study/?id=U61657B35F&debugKey=nextstep123
U68DCBABDA,https://zzigak.github.io/refactor_study/?id=U68DCBABDA,https://zzigak.github.io/refactor_study/?id=U68DCBABDA&debugKey=nextstep123
U2A1847A8A,https://zzigak.github.io/refactor_study/?id=U2A1847A8A,https://zzigak.github.io/refactor_study/?id=U2A1847A8A&debugKey=nextstep123
UA2EA58DFF,https://zzigak.github.io/refactor_study/?id=UA2EA58DFF,https://zzigak.github.io/refactor_study/?id=UA2EA58DFF&debugKey=nextstep123
U798B7CC2F,https://zzigak.github.io/refactor_study/?id=U798B7CC2F,https://zzigak.github.io/refactor_study/?id=U798B7CC2F&debugKey=nextstep123
UACE7A7A75,https://zzigak.github.io/refactor_study/?id=UACE7A7A75,https://zzigak.github.io/refactor_study/?id=UACE7A7A75&debugKey=nextstep123
U685E8C7FC,https://zzigak.github.io/refactor_study/?id=U685E8C7FC,https://zzigak.github.io/refactor_study/?id=U685E8C7FC&debugKey=nextstep123
UFC676F211,https://zzigak.github.io/refactor_study/?id=UFC676F211,https://zzigak.github.io/refactor_study/?id=UFC676F211&debugKey=nextstep123
UACF3BE15C,https://zzigak.github.io/refactor_study/?id=UACF3BE15C,https://zzigak.github.io/refactor_study/?id=UACF3BE15C&debugKey=nextstep123
U33109D65F,https://zzigak.github.io/refactor_study/?id=U33109D65F,https://zzigak.github.io/refactor_study/?id=U33109D65F&debugKey=nextstep123
U9A685B9DD,https://zzigak.github.io/refactor_study/?id=U9A685B9DD,https://zzigak.github.io/refactor_study/?id=U9A685B9DD&debugKey=nextstep123
